Workbook

Sheet Historial
A1: Fecha de búsqueda | B1: Ruta | C1: Ruta original | D1: Aerolínea | E1: Fechas de viaje (ida y vuelta, ~14 días) | F1: Días de estadía | G1: Tipo de tarifa | H1: Precio (USD) | I1: Fuente | J1: Enlace | K1: Notas | L1: Archivo de origen | M1: Semana (lunes)
A2: 46240 | B2: Alternativa – Madrid | C2: Madrid (alternativa) | D2: Air Europa | E2: Fechas flexibles | G2: Referencia | H2: 1077 | I2: Air Europa / Travelocity | J2: https://www.aireuropa.com/en-us/flight-deals-from-buenos-aires-1-to-madrid | K2: I/V aprox. Conexión barata a París/Roma/Milán (USD 50-190 extra en low cost). | L2: historial-precios6.xlsx | M2: =A2-WEEKDAY(A2,2)+1 -> 46237
A3: 46240 | B3: Milán | C3: Milán | D3: Air Europa | E3: Febrero 2027 (flexible) | G3: Referencia | H3: 1164 | I3: Air Europa | J3: https://www.aireuropa.com/en-us/flight-deals-from-argentina-to-italy | K3: I/V EZE-MXP desde feb 2027, con escala en Madrid. | L3: historial-precios6.xlsx | M3: =A3-WEEKDAY(A3,2)+1 -> 46237
A4: 46240 | B4: París | C4: París | D4: Air France | E4: 24/03/2027 - 14/04/2027 | F4: 21 | G4: Referencia | H4: 888 | I4: Air France Argentina | J4: https://wwws.airfrance.com.ar/es-ar/vuelos-desde-buenos-aires-a-par%C3%ADs | K4: Directo EZE-CDG, I/V económica. Cae justo en la ventana mar-abr 2027. Mejor precio 2027 encontrado. | L4: historial-precios6.xlsx | M4: =A4-WEEKDAY(A4,2)+1 -> 46237
A5: 46240 | B5: Roma | C5: Roma | D5: Air Europa / varias | E5: Febrero 2027 (flexible) | G5: Referencia | H5: 999 | I5: Air Europa / Kayak | J5: https://www.aireuropa.com/en-us/flight-deals-from-buenos-aires-1-to-rome | K5: I/V desde USD 999 aprox.; otras fechas de feb 2027 entre USD 1.175-1.210. | L5: historial-precios6.xlsx | M5: =A5-WEEKDAY(A5,2)+1 -> 46237
A6: 46240 | B6: Roma | C6: Roma | D6: Air France | E6: Fechas flexibles | G6: Referencia | H6: 1031 | I6: Air France Argentina | J6: https://wwws.airfrance.com.ar/es-ar/vuelos-desde-buenos-aires-a-roma | K6: I/V económica desde USD 1.031, vía CDG. | L6: historial-precios6.xlsx | M6: =A6-WEEKDAY(A6,2)+1 -> 46237
A7: 46241 | B7: Alternativa – Madrid | C7: Madrid (alternativa) | D7: Iberia / Air Europa / Aerolíneas Arg. | E7: Marzo 2027 (~14 días) | G7: Referencia | H7: 942 | I7: Kayak | J7: https://www.es.kayak.com/vuelos/Buenos-Aires-BUE/Madrid-Adolfo-Suarez-Madrid-Barajas-MAD | K7: Con equipaje: USD 1010. Marzo es el mes más barato para EZE-MAD; Turismocity muestra desde USD 845. Conexión barata a Italia/Francia con low-cost. Estimado: tarifa con valija en Iberia/Air Europa suele sumar ~USD 60-80 | L7: historial-precios5.xlsx | M7: =A7-WEEKDAY(A7,2)+1 -> 46237
A8: 46241 | B8: Milán | C8: Milán | D8: ITA Airways | E8: Fechas flexibles feb-mar 2027 (~14 días) | G8: Referencia | H8: 1019 | I8: Promociones Aéreas | J8: https://promociones-aereas.com.ar/2026/07/vuelos-a-milan-desde-buenos-aires-y-opciones-con-equipaje-ita-rt-p.html | K8: Con equipaje: USD 1140. I/V con carry-on; USD 1.140 con equipaje despachado. Post de julio 2026. Precio publicado por Promociones Aéreas con valija despachada incluida | L8: historial-precios5.xlsx | M8: =A8-WEEKDAY(A8,2)+1 -> 46237
A9: 46241 | B9: París | C9: París | D9: Air France | E9: 24/04/2027 - 08/05/2027 (14 días) | F9: 14 | G9: Fechada 13–16 días | H9: 726 | I9: Air France Argentina (resultado de búsqueda) | J9: https://wwws.airfrance.com.ar/es-ar/vuelos-desde-buenos-aires-a-paris | K9: Con equipaje: USD 795. Ídem; abril-mayo 2027, estadía de 14 días. Estimado: ídem fila anterior (~726 + ~70) | L9: historial-precios5.xlsx | M9: =A9-WEEKDAY(A9,2)+1 -> 46237
A10: 46241 | B10: París | C10: París | D10: Air France | E10: 06/03/2027 - 20/03/2027 (14 días) | F10: 14 | G10: Fechada 13–16 días | H10: 774 | I10: Air France Argentina (resultado de búsqueda) | J10: https://wwws.airfrance.com.ar/es-ar/vuelos-desde-buenos-aires-a-paris | K10: Con equipaje: USD 845. Tarifa vista en resultados de búsqueda del sitio de Air France; verificar disponibilidad en el sitio. Estimado: tarifa Standard de Air France (incluye valija 23 kg) suele costar ~USD 60-70 más que Light | L10: historial-precios5.xlsx | M10: =A10-WEEKDAY(A10,2)+1 -> 46237
A11: 46241 | B11: Roma | C11: Roma | D11: Varias (multitramo) | E11: Fechas flexibles (~14 días) | G11: Referencia | H11: 1023 | I11: Turismocity | J11: https://www.turismocity.com.ar/vuelos-baratos-dos-tramos-BUE-ROM,MAD-BUE | K11: Opción dos tramos BUE-Roma / Madrid-BUE, desde USD 1.023. Sin dato de equipaje; a confirmar al cotizar | L11: historial-precios5.xlsx | M11: =A11-WEEKDAY(A11,2)+1 -> 46237
A12: 46256 | B12: Alternativa – Barcelona | C12: Alternativa - Barcelona | D12: LATAM Airlines | E12: 22/02/2027 - 08/03/2027 (14 dias) | F12: 14 | G12: Referencia | H12: 970 | I12: Promociones Aereas (BUE-BCN/MAD) | J12: https://promociones-aereas.com.ar/2026/05/vuelos-a-barcelona-o-a-madrid-desde-buenos-aires-latam-rt-p.html | K12: Promo pago con debito en USD; buena base para combinar tren/vuelo low-cost a Francia o Italia. | L12: historial-precios4.xlsx | M12: =A12-WEEKDAY(A12,2)+1 -> 46251
A13: 46256 | B13: Alternativa – Madrid | C13: Alternativa - Madrid | D13: Iberia | E13: 25/02/2027 - 11/03/2027 (14 dias) | F13: 14 | G13: Referencia | H13: 1050 | I13: Kayak / Iberia (BUE-MAD) | J13: https://www.kayak.com.ar/vuelos/Buenos-Aires-BUE/Espana-ES0 | K13: Madrid como hub; buenas conexiones AVE/low-cost a Paris, Roma o Milan. | L13: historial-precios4.xlsx | M13: =A13-WEEKDAY(A13,2)+1 -> 46251
A14: 46256 | B14: Milán | C14: Milan | D14: Air Europa (via Madrid) | E14: 18/02/2027 - 04/03/2027 (14 dias) | F14: 14 | G14: Referencia | H14: 1148 | I14: KAYAK (BUE-MIL via MAD) | J14: https://www.kayak.com.ar/vuelos/Buenos-Aires-BUE/Milan-MIL | K14: Conexion en Madrid con Air Europa/Iberia. Precio de referencia, no fecha especifica 2027. | L14: historial-precios4.xlsx | M14: =A14-WEEKDAY(A14,2)+1 -> 46251
A15: 46256 | B15: París | C15: Paris | D15: Air France | E15: 15/02/2027 - 01/03/2027 (14 dias) | F15: 14 | G15: Referencia | H15: 1088 | I15: Skyscanner / Expedia (BUE-CDG) | J15: https://www.skyscanner.com/routes/cdg/eze/paris-charles-de-gaulle-to-buenos-aires-ministro-pistarini.html | K15: Tarifa de referencia temporada baja (directo EZE-CDG). Fecha exacta no confirmada en vivo; verificar antes de comprar. | L15: historial-precios4.xlsx | M15: =A15-WEEKDAY(A15,2)+1 -> 46251
A16: 46256 | B16: Roma | C16: Roma | D16: Air France | E16: 20/02/2027 - 06/03/2027 (14 dias) | F16: 14 | G16: Referencia | H16: 1040 | I16: Air France Argentina (BUE-ROM) | J16: https://wwws.airfrance.com.ar/es-ar/vuelos-desde-buenos-aires-a-roma | K16: Tarifa publicada 'desde USD 1.040 I/V'. Verificar disponibilidad para fechas especificas. | L16: historial-precios4.xlsx | M16: =A16-WEEKDAY(A16,2)+1 -> 46251
A17: 46263 | B17: Alternativa – Barcelona | C17: Buenos Aires (EZE) - Barcelona (BCN) [alternativa a Francia] | D17: Air Europa | E17: 19/02/2027 - 13/03/2027 | F17: 22 | G17: Referencia | H17: 1016 | I17: Air Europa (aireuropa.com) | J17: https://www.aireuropa.com/en-us/flight-deals-from-argentina-to-spain | K17: Tarifa 'desde' del buscador flexible; duración real 22 días. Barcelona conecta barato (tren/low-cost) a Francia. | L17: historial-precios3.xlsx | M17: =A17-WEEKDAY(A17,2)+1 -> 46258
A18: 46263 | B18: Alternativa – Madrid | C18: Buenos Aires (EZE) - Madrid (MAD) [conexión a Francia/Italia] | D18: Air Europa | E18: 18/02/2027 - 10/03/2027 | F18: 20 | G18: Referencia | H18: 958 | I18: Air Europa (aireuropa.com) | J18: https://www.aireuropa.com/en-us/flight-deals-from-argentina-to-spain | K18: Tarifa 'desde' del buscador flexible; duración real 20 días (más larga que las 2 semanas buscadas). Madrid conecta barato en tren/low-cost a París y Roma/Milán. | L18: historial-precios3.xlsx | M18: =A18-WEEKDAY(A18,2)+1 -> 46258
A19: 46263 | B19: Milán | C19: Buenos Aires (EZE) - Milán (MXP) | D19: Air Europa | E19: 04/02/2027 - 24/02/2027 | F19: 20 | G19: Referencia | H19: 1049 | I19: Air Europa (aireuropa.com) | J19: https://www.aireuropa.com/en-us/flight-deals-from-argentina-to-italy | K19: Tarifa 'desde' del buscador flexible; duración real 20 días. | L19: historial-precios3.xlsx | M19: =A19-WEEKDAY(A19,2)+1 -> 46258
A20: 46263 | B20: París | C20: Buenos Aires (EZE) - París (CDG/ORY) | D20: Air France | E20: Sin fecha específica confirmada | G20: Referencia | H20: 725 | I20: Air France Argentina (airfrance.com.ar) | J20: https://wwws.airfrance.com.ar/es-ar/vuelos-desde-buenos-aires-a-par%C3%ADs | K20: Tarifa 'desde' publicada en el sitio de Air France, sin fechas ni duración de estadía confirmadas. Air Europa a París (Orly) mostró USD 1.073 pero con estadías de 8 o 36 días, ninguna cercana a 2 semanas; verificar manualmente fechas exactas de ~14 días antes de comprar. | L20: historial-precios3.xlsx | M20: =A20-WEEKDAY(A20,2)+1 -> 46258
A21: 46263 | B21: Roma | C21: Buenos Aires (EZE) - Roma (FCO) | D21: Air Europa | E21: 24/02/2027 - 15/03/2027 | F21: 19 | G21: Referencia | H21: 1257 | I21: Air Europa (aireuropa.com) | J21: https://www.aireuropa.com/en-us/flight-deals-from-argentina-to-italy | K21: Tarifa 'desde' del buscador flexible; duración real 19 días. | L21: historial-precios3.xlsx | M21: =A21-WEEKDAY(A21,2)+1 -> 46258
A22: 46269 | B22: Milán | C22: EZE-LIN | D22: Air France | E22: Feb 2027 | G22: Referencia | H22: 2011 | I22: Air France AR | J22: https://wwws.airfrance.com.ar/es-ar/vuelos-desde-buenos-aires-a-mil%C3%A1n | K22: Mínimo del calendario mensual; estadía no informada. | L22: Recuperado del reporte del 04/09/2026 (Excel no disponible) | M22: =A22-WEEKDAY(A22,2)+1 -> 46265
A23: 46269 | B23: París | C23: EZE-CDG | D23: Air France | E23: Feb 2027 | G23: Referencia | H23: 1445 | I23: Air France AR | J23: https://wwws.airfrance.com.ar/es-ar/vuelos-desde-buenos-aires-a-par%C3%ADs | K23: Mínimo del calendario mensual; estadía no informada. | L23: Recuperado del reporte del 04/09/2026 (Excel no disponible) | M23: =A23-WEEKDAY(A23,2)+1 -> 46265
A24: 46269 | B24: Roma | C24: Multitramo BUE-ROM / MAD-BUE | D24: Multi-aerolínea | E24: Multitramo flexible | G24: Referencia | H24: 1257 | I24: Turismocity | J24: https://www.turismocity.com.ar/vuelos-baratos-dos-tramos-BUE-ROM,MAD-BUE | K24: Precio 'desde' de portada. | L24: Recuperado del reporte del 04/09/2026 (Excel no disponible) | M24: =A24-WEEKDAY(A24,2)+1 -> 46265
A25: 46269 | B25: Roma | C25: EZE-ROM vía Madrid | D25: Air Europa | E25: Sin fecha publicada | G25: Referencia | H25: 1263 | I25: Air Europa | J25: https://www.aireuropa.com/en-us/flight-deals-from-buenos-aires-1-to-rome | K25: Precio 'desde' de portada. | L25: Recuperado del reporte del 04/09/2026 (Excel no disponible) | M25: =A25-WEEKDAY(A25,2)+1 -> 46265
A26: 46269 | B26: Roma | C26: EZE-FCO | D26: Air France | E26: Feb 2027 | G26: Referencia | H26: 1341 | I26: Air France AR | J26: https://wwws.airfrance.com.ar/es-ar/vuelos-desde-buenos-aires-a-roma | K26: Mínimo del calendario mensual; estadía no informada. | L26: Recuperado del reporte del 04/09/2026 (Excel no disponible) | M26: =A26-WEEKDAY(A26,2)+1 -> 46265
A27: 46283 | B27: Alternativa – Barcelona | C27: Barcelona (alternativa) | D27: Varias (Level vuela directo EZE-BCN) | E27: 10/02/2027 - 24/02/2027 (14 días, aprox.) | F27: 14 | G27: Referencia | H27: 897 | I27: Turismocity (agregador) | J27: https://www.turismocity.com.ar/vuelos-baratos-a-BCN-Barcelona | K27: Level opera EZE-BCN directo. Conexión BCN-Roma desde ~USD46 o BCN-París desde ~USD45. Verificar fechas exactas antes de comprar. | L27: historial-precios2.xlsx | M27: =A27-WEEKDAY(A27,2)+1 -> 46279
A28: 46283 | B28: Alternativa – Madrid | C28: Madrid (alternativa) | D28: Varias (Iberia/Air Europa/Aerolíneas Argentinas) | E28: 03/03/2027 - 17/03/2027 (14 días, aprox.) | F28: 14 | G28: Referencia | H28: 845 | I28: Turismocity (agregador) | J28: https://www.turismocity.com.ar/vuelos-baratos-a-MAD-madrid | K28: Gateway más barato a Europa. Conexión Madrid-París desde ~USD102 o Madrid-Roma vía low cost. Total combinado similar o algo mayor al vuelo directo. Verificar fechas exactas. | L28: historial-precios2.xlsx | M28: =A28-WEEKDAY(A28,2)+1 -> 46279
A29: 46283 | B29: Milán | C29: Milán (directo) | D29: Varias (consultar disp.: Aerolíneas Arg./ITA/Air France-KLM vía combinación) | E29: 03/03/2027 - 17/03/2027 (14 días, aprox.) | F29: 14 | G29: Referencia | H29: 910 | I29: Turismocity (agregador) | J29: https://www.turismocity.com.ar/vuelos-baratos-a-MIL-milan | K29: Tarifa mínima estimada para marzo 2027 (ARS 1,41M / TC oficial ~1550). Ruta más barata de las 3 principales. Verificar fechas exactas antes de comprar. | L29: historial-precios2.xlsx | M29: =A29-WEEKDAY(A29,2)+1 -> 46279
A30: 46283 | B30: París | C30: París (directo) | D30: Varias (Air France/KLM/Iberia vía combinación) | E30: 10/02/2027 - 24/02/2027 (14 días, aprox.) | F30: 14 | G30: Referencia | H30: 942 | I30: Turismocity (agregador) | J30: https://www.turismocity.com.ar/vuelos-baratos-a-PAR-Paris | K30: Tarifa mínima estimada para febrero 2027 (ARS 1,46M / TC oficial ~1550). La más cara de las 3 principales. Verificar fechas exactas antes de comprar. | L30: historial-precios2.xlsx | M30: =A30-WEEKDAY(A30,2)+1 -> 46279
A31: 46283 | B31: Roma | C31: Roma (directo) | D31: Varias (Aerolíneas Argentinas/ITA Airways/LATAM/Iberia) | E31: 10/02/2027 - 24/02/2027 (14 días, aprox.) | F31: 14 | G31: Referencia | H31: 935 | I31: Turismocity (agregador) | J31: https://www.turismocity.com.ar/vuelos-baratos-a-ROM-roma | K31: Tarifa mínima estimada para febrero 2027 (ARS 1,45M / TC oficial ~1550). ITA Airways vuela EZE-FCO ~13x/semana. Verificar fechas exactas antes de comprar. | L31: historial-precios2.xlsx | M31: =A31-WEEKDAY(A31,2)+1 -> 46279
A32: 46292 | B32: Alternativa – Madrid | C32: Alternativa Madrid (EZE-MAD) | D32: Plus Ultra (directo) | E32: 11/02/2027 – 24/02/2027 (13 días) | F32: 13 | G32: Fechada 13–16 días | H32: 872 | I32: KAYAK AR | J32: https://www.kayak.com.ar/vuelos/Argentina-AR0/Madrid-Adolfo-Suarez-Madrid-Barajas-MAD | K32: ARS 1.358.227 ≈ USD 872. Directo. Sumar low-cost MAD-ROM (~USD 50) o MAD-PAR (~USD 110) por tramo. | L32: historial-precios1.xlsx | M32: =A32-WEEKDAY(A32,2)+1 -> 46286
A33: 46292 | B33: Milán | C33: Milán (EZE-MXP) | D33: Varias aerolíneas (Iberia/Air Europa vía Madrid) | E33: 11/02/2027 – 24/02/2027 (13 días) | F33: 13 | G33: Fechada 13–16 días | H33: 891 | I33: KAYAK AR | J33: https://www.kayak.com.ar/vuelos/Buenos-Aires-BUE/Italia-IT0 | K33: ARS 1.387.491 (tipo de cambio implícito Turismocity ≈1.557 ARS/USD). 1 escala en MAD. Oferta vista en KAYAK en últimas 72 h. | L33: historial-precios1.xlsx | M33: =A33-WEEKDAY(A33,2)+1 -> 46286
A34: 46292 | B34: Milán | C34: Milán (EZE-MXP) | D34: Air Europa (vía Madrid) | E34: 16/02/2027 – 02/03/2027 (14 días) | F34: 14 | G34: Fechada 13–16 días | H34: 915 | I34: KAYAK AR | J34: https://www.kayak.com.ar/vuelos/Buenos-Aires-BUE/Milan-MIL | K34: ARS 1.424.454 ≈ USD 915. 1 escala MAD. Página cacheada 15/09/2026, verificar vigencia. | L34: historial-precios1.xlsx | M34: =A34-WEEKDAY(A34,2)+1 -> 46286
A35: 46292 | B35: París | C35: París (BUE-PAR) | D35: Varias (referencia sin fecha exacta) | E35: Feb–Mar 2027 (tarifa 'desde', estadía no confirmada) | G35: Referencia | H35: 918 | I35: Turismocity | J35: https://www.turismocity.com.ar/vuelos-baratos-a-PAR-paris | K35: Precio de referencia mensual 'desde' ARS 1,43 M. No se encontró tarifa fechada de ~14 días en 2027; Air France publica USD 1.539 para feb-2027. | L35: historial-precios1.xlsx | M35: =A35-WEEKDAY(A35,2)+1 -> 46286
A36: 46292 | B36: Roma | C36: Roma (BUE-ROM) | D36: Varias (referencia sin fecha exacta) | E36: Mar 2027 (tarifa 'desde', estadía no confirmada) | G36: Referencia | H36: 925 | I36: Turismocity | J36: https://www.turismocity.com.ar/vuelos-baratos-a-ROM-roma | K36: Referencia mensual 'desde' ARS 1,44 M. KAYAK: EZE-FCO 11/02–23/02/2027 (12 días) ≈ USD 1.014, fuera de rango de estadía. | L36: historial-precios1.xlsx | M36: =A36-WEEKDAY(A36,2)+1 -> 46286

Sheet Control
A1: Carta de control – EZE → Europa, ida y vuelta (USD)
A2: Todo se recalcula desde la hoja Historial. Para agregar datos: sumá filas al final de Historial (columna B con la lista desplegable y copiá la fórmula de la columna M).
A3: 'Último precio' = mejor precio de la última semana con datos. 'Referencia' = precios 'desde' o estadías fuera de 13–16 días; 'Fechada' = ida y vuelta concretas de 13–16 días.
A5: Ruta | B5: Mínimo histórico | C5: Promedio | D5: Último precio | E5: Semana del último | F5: Var. último vs promedio | G5: Var. último vs mínimo | H5: N° registros | I5: Mín. solo tarifas fechadas | J5: Estado
A6: París | B6: =IF(H6=0,"",_xlfn.MINIFS(Historial!$H$2:$H$5000,Historial!$B$2:$B$5000,"París")) -> 725 | C6: =IF(H6=0,"",AVERAGEIFS(Historial!$H$2:$H$5000,Historial!$B$2:$B$5000,"París")) -> 938.25 | D6: =IF(H6=0,"",_xlfn.MINIFS(Historial!$H$2:$H$5000,Historial!$B$2:$B$5000,"París",Historial!$M$2:$M$5000,E6)) -> 918 | E6: =IF(H6=0,"",_xlfn.MAXIFS(Historial!$M$2:$M$5000,Historial!$B$2:$B$5000,"París")) -> 46286 | F6: =IF(H6=0,"",D6/C6-1) -> -0.021582734 | G6: =IF(H6=0,"",D6/B6-1) -> 0.2662069 | H6: =COUNTIFS(Historial!$B$2:$B$5000,"París") -> 8 | I6: =IF(COUNTIFS(Historial!$B$2:$B$5000,"París",Historial!$G$2:$G$5000,"Fechada*")=0,"sin datos",_xlfn.MINIFS(Historial!$H$2:$H$5000,Historial!$B$2:$B$5000,"París",Historial!$G$2:$G$5000,"Fechada*")) -> 726 | J6: =IF(H6=0,"",IF(D6<=B6,"Mínimo histórico",IF(D6<C6,"Bajo el promedio","Sobre el promedio"))) -> Bajo el promedio
A7: Roma | B7: =IF(H7=0,"",_xlfn.MINIFS(Historial!$H$2:$H$5000,Historial!$B$2:$B$5000,"Roma")) -> 925 | C7: =IF(H7=0,"",AVERAGEIFS(Historial!$H$2:$H$5000,Historial!$B$2:$B$5000,"Roma")) -> 1107.1 | D7: =IF(H7=0,"",_xlfn.MINIFS(Historial!$H$2:$H$5000,Historial!$B$2:$B$5000,"Roma",Historial!$M$2:$M$5000,E7)) -> 925 | E7: =IF(H7=0,"",_xlfn.MAXIFS(Historial!$M$2:$M$5000,Historial!$B$2:$B$5000,"Roma")) -> 46286 | F7: =IF(H7=0,"",D7/C7-1) -> -0.16448379 | G7: =IF(H7=0,"",D7/B7-1) -> 0 | H7: =COUNTIFS(Historial!$B$2:$B$5000,"Roma") -> 10 | I7: =IF(COUNTIFS(Historial!$B$2:$B$5000,"Roma",Historial!$G$2:$G$5000,"Fechada*")=0,"sin datos",_xlfn.MINIFS(Historial!$H$2:$H$5000,Historial!$B$2:$B$5000,"Roma",Historial!$G$2:$G$5000,"Fechada*")) -> sin datos | J7: =IF(H7=0,"",IF(D7<=B7,"Mínimo histórico",IF(D7<C7,"Bajo el promedio","Sobre el promedio"))) -> Mínimo histórico
A8: Milán | B8: =IF(H8=0,"",_xlfn.MINIFS(Historial!$H$2:$H$5000,Historial!$B$2:$B$5000,"Milán")) -> 891 | C8: =IF(H8=0,"",AVERAGEIFS(Historial!$H$2:$H$5000,Historial!$B$2:$B$5000,"Milán")) -> 1138.375 | D8: =IF(H8=0,"",_xlfn.MINIFS(Historial!$H$2:$H$5000,Historial!$B$2:$B$5000,"Milán",Historial!$M$2:$M$5000,E8)) -> 891 | E8: =IF(H8=0,"",_xlfn.MAXIFS(Historial!$M$2:$M$5000,Historial!$B$2:$B$5000,"Milán")) -> 46286 | F8: =IF(H8=0,"",D8/C8-1) -> -0.21730537 | G8: =IF(H8=0,"",D8/B8-1) -> 0 | H8: =COUNTIFS(Historial!$B$2:$B$5000,"Milán") -> 8 | I8: =IF(COUNTIFS(Historial!$B$2:$B$5000,"Milán",Historial!$G$2:$G$5000,"Fechada*")=0,"sin datos",_xlfn.MINIFS(Historial!$H$2:$H$5000,Historial!$B$2:$B$5000,"Milán",Historial!$G$2:$G$5000,"Fechada*")) -> 891 | J8: =IF(H8=0,"",IF(D8<=B8,"Mínimo histórico",IF(D8<C8,"Bajo el promedio","Sobre el promedio"))) -> Mínimo histórico
A9: Alternativas (MAD/BCN) | B9: =IF(H9=0,"",_xlfn.MINIFS(Historial!$H$2:$H$5000,Historial!$B$2:$B$5000,"Alternativa*")) -> 845 | C9: =IF(H9=0,"",AVERAGEIFS(Historial!$H$2:$H$5000,Historial!$B$2:$B$5000,"Alternativa*")) -> 958.55556 | D9: =IF(H9=0,"",_xlfn.MINIFS(Historial!$H$2:$H$5000,Historial!$B$2:$B$5000,"Alternativa*",Historial!$M$2:$M$5000,E9)) -> 872 | E9: =IF(H9=0,"",_xlfn.MAXIFS(Historial!$M$2:$M$5000,Historial!$B$2:$B$5000,"Alternativa*")) -> 46286 | F9: =IF(H9=0,"",D9/C9-1) -> -0.090297902 | G9: =IF(H9=0,"",D9/B9-1) -> 0.031952663 | H9: =COUNTIFS(Historial!$B$2:$B$5000,"Alternativa*") -> 9 | I9: =IF(COUNTIFS(Historial!$B$2:$B$5000,"Alternativa*",Historial!$G$2:$G$5000,"Fechada*")=0,"sin datos",_xlfn.MINIFS(Historial!$H$2:$H$5000,Historial!$B$2:$B$5000,"Alternativa*",Historial!$G$2:$G$5000,"Fechada*")) -> 872 | J9: =IF(H9=0,"",IF(D9<=B9,"Mínimo histórico",IF(D9<C9,"Bajo el promedio","Sobre el promedio"))) -> Bajo el promedio
A12: Mejor precio semanal por ruta (USD) – base del gráfico
A13: Semana (lunes) | B13: París | C13: Roma | D13: Milán | E13: Alternativas (MAD/BCN)
A14: 46237 | B14: =IF(COUNTIFS(Historial!$B$2:$B$5000,"París",Historial!$M$2:$M$5000,$A14)=0,NA(),_xlfn.MINIFS(Historial!$H$2:$H$5000,Historial!$B$2:$B$5000,"París",Historial!$M$2:$M$5000,$A14)) -> 726 | C14: =IF(COUNTIFS(Historial!$B$2:$B$5000,"Roma",Historial!$M$2:$M$5000,$A14)=0,NA(),_xlfn.MINIFS(Historial!$H$2:$H$5000,Historial!$B$2:$B$5000,"Roma",Historial!$M$2:$M$5000,$A14)) -> 999 | D14: =IF(COUNTIFS(Historial!$B$2:$B$5000,"Milán",Historial!$M$2:$M$5000,$A14)=0,NA(),_xlfn.MINIFS(Historial!$H$2:$H$5000,Historial!$B$2:$B$5000,"Milán",Historial!$M$2:$M$5000,$A14)) -> 1019 | E14: =IF(COUNTIFS(Historial!$B$2:$B$5000,"Alternativa*",Historial!$M$2:$M$5000,$A14)=0,NA(),_xlfn.MINIFS(Historial!$H$2:$H$5000,Historial!$B$2:$B$5000,"Alternativa*",Historial!$M$2:$M$5000,$A14)) -> 942
A15: 46251 | B15: =IF(COUNTIFS(Historial!$B$2:$B$5000,"París",Historial!$M$2:$M$5000,$A15)=0,NA(),_xlfn.MINIFS(Historial!$H$2:$H$5000,Historial!$B$2:$B$5000,"París",Historial!$M$2:$M$5000,$A15)) -> 1088 | C15: =IF(COUNTIFS(Historial!$B$2:$B$5000,"Roma",Historial!$M$2:$M$5000,$A15)=0,NA(),_xlfn.MINIFS(Historial!$H$2:$H$5000,Historial!$B$2:$B$5000,"Roma",Historial!$M$2:$M$5000,$A15)) -> 1040 | D15: =IF(COUNTIFS(Historial!$B$2:$B$5000,"Milán",Historial!$M$2:$M$5000,$A15)=0,NA(),_xlfn.MINIFS(Historial!$H$2:$H$5000,Historial!$B$2:$B$5000,"Milán",Historial!$M$2:$M$5000,$A15)) -> 1148 | E15: =IF(COUNTIFS(Historial!$B$2:$B$5000,"Alternativa*",Historial!$M$2:$M$5000,$A15)=0,NA(),_xlfn.MINIFS(Historial!$H$2:$H$5000,Historial!$B$2:$B$5000,"Alternativa*",Historial!$M$2:$M$5000,$A15)) -> 970
A16: 46258 | B16: =IF(COUNTIFS(Historial!$B$2:$B$5000,"París",Historial!$M$2:$M$5000,$A16)=0,NA(),_xlfn.MINIFS(Historial!$H$2:$H$5000,Historial!$B$2:$B$5000,"París",Historial!$M$2:$M$5000,$A16)) -> 725 | C16: =IF(COUNTIFS(Historial!$B$2:$B$5000,"Roma",Historial!$M$2:$M$5000,$A16)=0,NA(),_xlfn.MINIFS(Historial!$H$2:$H$5000,Historial!$B$2:$B$5000,"Roma",Historial!$M$2:$M$5000,$A16)) -> 1257 | D16: =IF(COUNTIFS(Historial!$B$2:$B$5000,"Milán",Historial!$M$2:$M$5000,$A16)=0,NA(),_xlfn.MINIFS(Historial!$H$2:$H$5000,Historial!$B$2:$B$5000,"Milán",Historial!$M$2:$M$5000,$A16)) -> 1049 | E16: =IF(COUNTIFS(Historial!$B$2:$B$5000,"Alternativa*",Historial!$M$2:$M$5000,$A16)=0,NA(),_xlfn.MINIFS(Historial!$H$2:$H$5000,Historial!$B$2:$B$5000,"Alternativa*",Historial!$M$2:$M$5000,$A16)) -> 958
A17: 46265 | B17: =IF(COUNTIFS(Historial!$B$2:$B$5000,"París",Historial!$M$2:$M$5000,$A17)=0,NA(),_xlfn.MINIFS(Historial!$H$2:$H$5000,Historial!$B$2:$B$5000,"París",Historial!$M$2:$M$5000,$A17)) -> 1445 | C17: =IF(COUNTIFS(Historial!$B$2:$B$5000,"Roma",Historial!$M$2:$M$5000,$A17)=0,NA(),_xlfn.MINIFS(Historial!$H$2:$H$5000,Historial!$B$2:$B$5000,"Roma",Historial!$M$2:$M$5000,$A17)) -> 1257 | D17: =IF(COUNTIFS(Historial!$B$2:$B$5000,"Milán",Historial!$M$2:$M$5000,$A17)=0,NA(),_xlfn.MINIFS(Historial!$H$2:$H$5000,Historial!$B$2:$B$5000,"Milán",Historial!$M$2:$M$5000,$A17)) -> 2011 | E17: =IF(COUNTIFS(Historial!$B$2:$B$5000,"Alternativa*",Historial!$M$2:$M$5000,$A17)=0,NA(),_xlfn.MINIFS(Historial!$H$2:$H$5000,Historial!$B$2:$B$5000,"Alternativa*",Historial!$M$2:$M$5000,$A17)) -> #N/A
A18: 46279 | B18: =IF(COUNTIFS(Historial!$B$2:$B$5000,"París",Historial!$M$2:$M$5000,$A18)=0,NA(),_xlfn.MINIFS(Historial!$H$2:$H$5000,Historial!$B$2:$B$5000,"París",Historial!$M$2:$M$5000,$A18)) -> 942 | C18: =IF(COUNTIFS(Historial!$B$2:$B$5000,"Roma",Historial!$M$2:$M$5000,$A18)=0,NA(),_xlfn.MINIFS(Historial!$H$2:$H$5000,Historial!$B$2:$B$5000,"Roma",Historial!$M$2:$M$5000,$A18)) -> 935 | D18: =IF(COUNTIFS(Historial!$B$2:$B$5000,"Milán",Historial!$M$2:$M$5000,$A18)=0,NA(),_xlfn.MINIFS(Historial!$H$2:$H$5000,Historial!$B$2:$B$5000,"Milán",Historial!$M$2:$M$5000,$A18)) -> 910 | E18: =IF(COUNTIFS(Historial!$B$2:$B$5000,"Alternativa*",Historial!$M$2:$M$5000,$A18)=0,NA(),_xlfn.MINIFS(Historial!$H$2:$H$5000,Historial!$B$2:$B$5000,"Alternativa*",Historial!$M$2:$M$5000,$A18)) -> 845
A19: 46286 | B19: =IF(COUNTIFS(Historial!$B$2:$B$5000,"París",Historial!$M$2:$M$5000,$A19)=0,NA(),_xlfn.MINIFS(Historial!$H$2:$H$5000,Historial!$B$2:$B$5000,"París",Historial!$M$2:$M$5000,$A19)) -> 918 | C19: =IF(COUNTIFS(Historial!$B$2:$B$5000,"Roma",Historial!$M$2:$M$5000,$A19)=0,NA(),_xlfn.MINIFS(Historial!$H$2:$H$5000,Historial!$B$2:$B$5000,"Roma",Historial!$M$2:$M$5000,$A19)) -> 925 | D19: =IF(COUNTIFS(Historial!$B$2:$B$5000,"Milán",Historial!$M$2:$M$5000,$A19)=0,NA(),_xlfn.MINIFS(Historial!$H$2:$H$5000,Historial!$B$2:$B$5000,"Milán",Historial!$M$2:$M$5000,$A19)) -> 891 | E19: =IF(COUNTIFS(Historial!$B$2:$B$5000,"Alternativa*",Historial!$M$2:$M$5000,$A19)=0,NA(),_xlfn.MINIFS(Historial!$H$2:$H$5000,Historial!$B$2:$B$5000,"Alternativa*",Historial!$M$2:$M$5000,$A19)) -> 872
A20: Celdas N/D = ruta sin registro esa semana; el gráfico las saltea. Al sumar semanas nuevas, agregá la fecha (lunes) en la columna A y copiá las fórmulas de la fila de arriba.
